id,name,email
01bd071d-6121-4511-80b7-52ebda9fd597,"Morgan Kumar",am28@example.com
094a7e4c-1046-4f1b-997b-d0aaba554ea4,"Blake Martin",am19@example.com
1a0cc38f-2df4-430e-b6ca-e2affaf5b9b0,"Jordan Wang",am20@example.com
1efe3ac2-e6d9-4cf0-b7e2-82c3db4861ef,"Hayden Harris",am2@example.com
2610623e-a3c8-45be-904b-2cb320d5e1d0,"Hayden Wang",am29@example.com
324d65f7-3544-47a9-b702-cc9c143c8504,"Avery Johnson",am1@example.com
3918d864-41a7-4d4e-8f48-611e1bad6fe4,"Kendall Wilson",am3@example.com
544a6268-7b74-41e7-9827-d8bac20edf0e,"Hayden Smith",am12@example.com
5472e43b-7515-423d-a661-50bfff571fb7,"Morgan Singh",am18@example.com
582cc0f7-e58a-43ce-bacc-35a4dfac959c,"Sana Nair",am10@example.com
6b763e26-beb3-4f3d-9ef8-3e56bccc0659,"Riley White",am27@example.com
7db61180-0edc-45ff-823e-735fcbb73a38,"Jamie Jackson",am15@example.com
7efe0747-03d5-4fb3-b6ae-f95f6a2a1154,"Sam Martinez",am6@example.com
86c8d864-5ea6-4ba6-b1aa-19aaa8f9d619,"Morgan Martinez",am4@example.com
9f058891-95d0-4943-a093-65761f8b7d0e,"Kai Taylor",am30@example.com
a8c91148-3d94-4fc7-8123-6983d791c2cb,"Reese Davis",am16@example.com
b4630ae5-4088-469f-9ac2-d2501d10921f,"Reese Thompson",am14@example.com
b638ce9c-650a-4f70-895a-8cbf50d68373,"Kai Thomas",am24@example.com
b738734d-dbaa-456e-9abf-dedb63299284,"Robin Verma",am13@example.com
b8e63637-27b0-40eb-936b-542f754a4a8a,"Skyler White",am7@example.com
c534f34f-a0ba-4080-bb88-e8a13be50d43,"Arjun Johnson",am8@example.com
caa7e786-0e88-4f42-80b6-3680800285cc,"Kendall Garcia",am26@example.com
d27daab4-cd59-4e98-bd96-accc43d3bfcc,"Elliot Martinez",am22@example.com
d6485c41-5f69-46be-ab93-c521c010b3e8,"Kendall Chen",am11@example.com
db1def00-883f-4210-8878-333c6ee9027d,"Leila Garcia",am23@example.com
dd7ee589-200d-4bde-b104-530a0e95cebd,"Sana Miller",am21@example.com
e6c4ae64-b135-4c04-9edd-4025e6472032,"Casey Lee",am25@example.com
efdc8143-55d3-4507-ae40-9747671af8f3,"Nico Lee",am5@example.com
f24d2d3c-0c70-4175-92f8-183c996cb1d6,"Leila Thomas",am9@example.com
fe4e4d00-b675-4ade-8347-2b9b90dd88ed,"Riley Kumar",am17@example.com
