id,name,dob,email,experience,created_at,updated_at
013ed186-5d32-44cc-ab09-122060266419,"Jane Miller",1997-08-26,parker.wilson38@example.com,6,"2024-08-10 00:00:00","2025-12-03 00:00:00"
10deb03f-e941-427d-8f68-2d349e710a19,"Quinn Moore",1990-03-10,sana.martinez28@example.com,12,"2025-11-22 00:00:00","2022-11-09 00:00:00"
11c5f78c-6d9a-4ca9-88da-bca839dd069f,"Sana Wilson",1991-02-26,sage.smith54@example.com,1,"2022-04-22 00:00:00","2025-02-07 00:00:00"
12845a9e-d330-4b9e-940f-070d0afce5b5,"Kai Moore",1994-08-22,jamie.lee6@example.com,4,"2022-03-27 00:00:00","2023-09-24 00:00:00"
17a34e1d-73bc-46a4-9ed6-ab28db3ff343,"Rowan Lopez",1995-12-17,reese.jackson3@example.com,8,"2022-04-15 00:00:00","2022-07-09 00:00:00"
1cf0518e-3c06-48bd-a0c5-c11100ac88f8,"Micah Thomas",2000-08-14,casey.wang22@example.com,12,"2024-10-09 00:00:00","2024-03-29 00:00:00"
1d0f487f-b68f-478e-9ebb-82d15002c1d0,"Micah Nair",1992-06-03,skyler.garcia29@example.com,14,"2024-05-01 00:00:00","2022-05-08 00:00:00"
1ee5d987-f405-4f79-971e-92620a5a6bd5,"Jane White",1989-06-23,elliot.lee10@example.com,14,"2023-12-18 00:00:00","2023-09-18 00:00:00"
1f526662-4163-4477-be4c-2a767473fca3,"Elliot Rao",1989-06-13,sam.martinez40@example.com,2,"2025-04-27 00:00:00","2025-11-15 00:00:00"
25f5af5e-c903-43bf-944c-908d32ed8a14,"Avery Anderson",1989-04-19,drew.khan52@example.com,6,"2024-09-18 00:00:00","2023-07-21 00:00:00"
27a16cf3-349a-4468-adc1-b8b2fb5e47ac,"Sage Miller",1997-09-11,parker.davis41@example.com,1,"2023-12-13 00:00:00","2024-12-27 00:00:00"
32d4b2f7-10a6-4bf1-8e18-fd9623e42918,"Elliot Nair",1997-01-27,blake.martinez31@example.com,7,"2024-09-26 00:00:00","2023-03-26 00:00:00"
32e66d36-e9c3-4e83-af64-e86e8fda8041,"Jesse Smith",1991-10-26,cameron.martinez18@example.com,9,"2023-03-07 00:00:00","2024-05-30 00:00:00"
331b7c19-1c0a-4a9e-8d72-29761b00d51d,"Emerson Wilson",1989-04-21,harper.rao17@example.com,13,"2025-09-23 00:00:00","2024-02-16 00:00:00"
38108624-bd6a-41c2-a113-7a74c43d6820,"Sam Thomas",1993-12-09,kendall.white11@example.com,10,"2023-07-25 00:00:00","2022-05-23 00:00:00"
3ca3c910-0949-47d8-86ea-a3a472726c59,"Parker Thompson",1996-09-10,dallas.martin26@example.com,15,"2025-07-07 00:00:00","2023-05-05 00:00:00"
3dc2e8cf-4d06-499e-83fd-5b4a8a3e62e2,"Blake Jackson",2000-04-19,kai.lee7@example.com,7,"2025-09-27 00:00:00","2022-07-30 00:00:00"
45133c73-28cb-4bf7-9a1d-961506b488f6,"Jamie Harris",1988-08-24,blake.nair8@example.com,5,"2024-04-24 00:00:00","2022-02-20 00:00:00"
46d616ce-9dbd-4bbb-b596-a93daf919eda,"Vikram Thompson",1998-10-25,nico.anderson44@example.com,15,"2024-08-10 00:00:00","2024-06-11 00:00:00"
53309210-bbc7-478d-b29f-700c380b2b2e,"Skyler Wang",1992-05-01,elliot.khan35@example.com,10,"2024-02-16 00:00:00","2023-07-24 00:00:00"
5ab9f378-0276-486a-a0d2-dfa1e886d469,"Sam Harris",1989-06-22,casey.lee37@example.com,0,"2025-06-26 00:00:00","2022-11-09 00:00:00"
61b8a89b-4712-41ae-a195-a0bf3119aaf3,"Sam Nguyen",1992-04-16,elliot.patel46@example.com,5,"2024-09-25 00:00:00","2023-03-11 00:00:00"
641fbbf8-fd81-4da9-a1dc-c7dda72fae8b,"Leila Moore",1991-02-10,avery.davis2@example.com,9,"2025-05-23 00:00:00","2023-03-08 00:00:00"
67ed7812-bf5b-4fb4-9a57-a1f55212b9fe,"Riley Harris",1994-02-12,vikram.thomas48@example.com,15,"2025-02-11 00:00:00","2023-05-08 00:00:00"
6aea2777-500a-4e11-94b5-bdc1e9368d26,"Alex Davis",1994-07-15,parker.moore23@example.com,7,"2022-12-27 00:00:00","2025-11-26 00:00:00"
6c803f1a-af89-4f0e-b8fa-2b8c3cb023df,"Toby Thompson",1991-11-17,reese.singh51@example.com,8,"2023-04-18 00:00:00","2022-09-05 00:00:00"
6f857305-3e4b-4b4a-9b8c-0a3f1311b798,"Reese Thompson",1998-05-16,blake.martin47@example.com,8,"2025-02-12 00:00:00","2022-01-21 00:00:00"
704db74e-1f7e-462f-ab1c-86d11244f155,"Sage Verma",1991-11-07,dallas.chen59@example.com,1,"2025-06-02 00:00:00","2022-07-23 00:00:00"
75a24a0b-ac9c-47b5-8430-c14bee370592,"Vikram Thomas",1993-03-03,nico.smith15@example.com,13,"2022-05-24 00:00:00","2025-09-22 00:00:00"
7eb83b44-75fa-4844-b183-32ce087fda59,"Casey Garcia",1990-04-05,hayden.chen27@example.com,8,"2023-11-19 00:00:00","2023-10-17 00:00:00"
84451428-b554-4f79-b405-59d49c1c226a,"Morgan Thomas",1991-08-24,vikram.garcia53@example.com,7,"2024-01-10 00:00:00","2023-01-03 00:00:00"
87cce8f9-36ad-432e-baef-6e5a07cd1c1f,"Nico Wilson",1995-05-11,sam.martinez34@example.com,5,"2022-04-13 00:00:00","2023-06-17 00:00:00"
8946b4a0-d1df-4da5-98f6-4bd0b1001f07,"Dallas Lopez",1994-07-28,vikram.khan25@example.com,14,"2022-11-22 00:00:00","2024-08-30 00:00:00"
8a680d53-d057-4dc0-8ac2-3e942bc843cd,"Casey Brown",1988-05-27,jesse.nguyen57@example.com,4,"2025-02-26 00:00:00","2023-09-15 00:00:00"
8ecd39c9-b30d-4074-8561-56d5a1d6d89b,"Micah Harris",1990-12-26,cameron.patel9@example.com,5,"2025-12-07 00:00:00","2022-08-10 00:00:00"
98818bb0-1db9-4993-984c-c13ff009a8f2,"Leila Martinez",1999-11-18,vikram.smith1@example.com,3,"2022-10-03 00:00:00","2023-06-26 00:00:00"
a0b2304d-6be8-4652-b1be-0921dcf67864,"Avery Martinez",1996-05-17,reese.khan16@example.com,9,"2025-09-27 00:00:00","2024-04-16 00:00:00"
a3512f3b-3f8a-4372-8be2-b7794d31dfac,"Rowan Martinez",1988-07-10,skyler.jackson60@example.com,7,"2022-12-22 00:00:00","2025-02-04 00:00:00"
a883a0ec-ba9d-478a-9083-14ed367632a9,"Priya Johnson",1993-09-21,hayden.verma32@example.com,10,"2025-10-01 00:00:00","2025-10-22 00:00:00"
b5ab92e7-e057-4578-86a3-7f7d43abb4ae,"Nico Iyer",1999-04-04,priya.davis43@example.com,14,"2025-12-19 00:00:00","2022-11-10 00:00:00"
b64b8b16-e06d-40a2-946e-0f5ccfb2ae9e,"Dallas Johnson",1987-02-02,nithya.nguyen49@example.com,9,"2023-03-30 00:00:00","2024-04-08 00:00:00"
b6c62436-5370-41fe-88f4-5a1d1ee646e5,"Taylor Harris",1987-09-22,vikram.wang24@example.com,14,"2022-10-01 00:00:00","2024-08-09 00:00:00"
b749a80d-eafe-47f8-9b3f-7a31852ba148,"Elliot Johnson",1997-11-30,skyler.nair30@example.com,12,"2024-09-03 00:00:00","2022-01-13 00:00:00"
b7a15d55-dbc3-44a5-913f-ff2182aaa722,"Steve Rao",2000-03-29,hayden.singh12@example.com,10,"2022-02-26 00:00:00","2022-08-25 00:00:00"
b9d03d15-5ded-4625-a265-b8f57760369b,"Emerson Lopez",1999-11-22,robin.martinez20@example.com,10,"2022-07-11 00:00:00","2023-04-27 00:00:00"
bc40ea47-62d8-4b2b-8e8d-dac5a5d0ec5f,"Drew Moore",1985-07-20,sage.white21@example.com,1,"2023-05-17 00:00:00","2024-08-31 00:00:00"
c4f9e90b-93d9-4f95-88dd-e3c25dbeeeba,"Kai Kim",1997-06-01,parker.martinez50@example.com,11,"2024-05-21 00:00:00","2025-02-01 00:00:00"
ca186fef-9ae4-4289-814e-d47c577caab5,"Casey Lopez",1999-07-11,nico.iyer42@example.com,10,"2022-01-26 00:00:00","2024-05-10 00:00:00"
cb0209d0-7bcc-4ab5-8a85-5c0ece56d753,"Rowan Lee",1987-06-08,rowan.anderson13@example.com,13,"2023-12-09 00:00:00","2023-10-05 00:00:00"
d5345435-728a-4664-af39-c9e4a2b936c7,"Avery Kumar",1997-12-07,nico.lopez14@example.com,6,"2023-06-06 00:00:00","2022-04-01 00:00:00"
d53814e1-3122-4730-9d7b-973a302e5376,"Robin Miller",1988-09-03,rowan.iyer39@example.com,9,"2022-08-10 00:00:00","2025-03-31 00:00:00"
d6c35115-91b9-4bf3-b13c-172b859fc3a3,"Parker Martinez",1991-04-04,hayden.khan45@example.com,14,"2023-05-15 00:00:00","2024-08-09 00:00:00"
dd71ab7f-280b-4a7a-ac3e-0adfb7642ef0,"Leila Verma",1997-07-31,robin.chen5@example.com,0,"2022-08-18 00:00:00","2022-06-04 00:00:00"
e1b39589-0214-4422-9c4d-3f4c2957b353,"Avery Nair",1998-08-07,riley.harris58@example.com,7,"2024-12-06 00:00:00","2024-02-19 00:00:00"
e1d80291-d05d-4bf3-a084-a238b7c5bd9f,"Dallas Chen",2000-02-26,harper.wang19@example.com,6,"2024-11-12 00:00:00","2024-08-27 00:00:00"
e2419318-36bb-46f9-bcca-ee12f29fd776,"Priya Davis",1985-04-11,emerson.wilson55@example.com,9,"2024-08-19 00:00:00","2024-09-07 00:00:00"
e68fc474-c1e5-49b2-81ca-ed3abcbcdebc,"Jordan Smith",1992-06-25,nico.thompson4@example.com,4,"2025-07-28 00:00:00","2023-06-21 00:00:00"
e728170b-8a58-4880-9cb1-eddceb4197be,"Toby Wilson",1998-12-16,jesse.taylor33@example.com,0,"2024-03-17 00:00:00","2025-04-27 00:00:00"
e8d302e8-9b48-4742-90d1-0075b658ca16,"Riley Kim",1985-06-08,micah.martin36@example.com,1,"2023-12-18 00:00:00","2023-04-05 00:00:00"
ef14bbdc-5693-40d4-975e-3ae84a0d2568,"Cameron Brown",1990-08-31,dallas.patel56@example.com,15,"2022-08-22 00:00:00","2022-05-14 00:00:00"
